3,MainThread
6,MainThread
9,MainThread
12,MainThread
3,MainThread
6,MainThread
9,MainThread
12,MainThread
3,MainThread
6,MainThread
9,MainThread
12,MainThread
3,MainThread
6,MainThread
9,MainThread
12,MainThread
3,MainThread
6,MainThread
9,MainThread
12,MainThread
3,MainThread
6,MainThread
9,MainThread
12,MainThread
3,MainThread
6,MainThread
9,MainThread
12,MainThread
3,MainThread
6,MainThread
9,MainThread
12,MainThread
3,MainThread
6,MainThread
9,MainThread
12,MainThread
3,MainThread
6,MainThread
9,MainThread
12,MainThread
3,MainThread
6,MainThread
9,MainThread
12,MainThread
3,MainThread
6,MainThread
9,MainThread
12,MainThread
3,MainThread
6,MainThread
9,MainThread
12,MainThread
3,MainThread
6,MainThread
9,MainThread
12,MainThread
3,MainThread
6,MainThread
9,MainThread
12,MainThread
3,MainThread
6,MainThread
9,MainThread
12,MainThread
3,MainThread
6,MainThread
9,MainThread
12,MainThread
3,MainThread
6,MainThread
9,MainThread
12,MainThread
3,MainThread
6,MainThread
9,MainThread
12,MainThread
3,MainThread
6,MainThread
9,MainThread
12,MainThread
3,MainThread
3,MainThread
3,MainThread
3,MainThread
3,MainThread
3,MainThread
3,MainThread
3,MainThread
3,MainThread
3,MainThread
3,MainThread
3,MainThread
3,MainThread
3,MainThread
3,MainThread
3,MainThread
3,MainThread
3,MainThread
3,MainThread
3,MainThread
3,MainThread
3,MainThread
3,MainThread
3,MainThread
3,MainThread
3,MainThread
3,MainThread
3,MainThread
3,MainThread
3,MainThread
3,MainThread
3,MainThread
3,MainThread
3,MainThread
3,MainThread
3,MainThread
3,MainThread
3,MainThread
3,MainThread
3,MainThread
3,MainThread
3,MainThread
3,MainThread
3,MainThread
3,MainThread
3,MainThread
3,MainThread
3,MainThread
3,MainThread
3,MainThread
3,MainThread
3,MainThread
3,MainThread
3,MainThread
3,MainThread
3,MainThread
3,MainThread
3,MainThread
3,MainThread
3,MainThread
3,MainThread
3,MainThread
3,MainThread
3,MainThread
3,MainThread
3,MainThread
3,MainThread
3,MainThread
3,MainThread
3,MainThread
3,MainThread
3,MainThread
3,MainThread
3,MainThread
3,MainThread
3,MainThread
3,MainThread
3,MainThread
3,MainThread
3,MainThread
3,MainThread
6,MainThread
9,MainThread
12,MainThread
3,MainThread
6,MainThread
9,MainThread
12,MainThread
3,MainThread
6,MainThread
9,MainThread
12,MainThread
3,MainThread
6,MainThread
9,MainThread
12,MainThread
3,MainThread
6,MainThread
9,MainThread
12,MainThread
3,MainThread
6,MainThread
9,MainThread
12,MainThread
3,MainThread
6,MainThread
9,MainThread
12,MainThread
3,MainThread
6,MainThread
9,MainThread
12,MainThread
3,MainThread
6,MainThread
9,MainThread
12,MainThread
3,MainThread
6,MainThread
9,MainThread
12,MainThread
3,MainThread
6,MainThread
9,MainThread
12,MainThread
3,MainThread
6,MainThread
9,MainThread
12,MainThread
3,MainThread
6,MainThread
9,MainThread
12,MainThread
3,MainThread
6,MainThread
9,MainThread
12,MainThread
3,MainThread
6,MainThread
9,MainThread
12,MainThread
3,MainThread
6,MainThread
9,MainThread
12,MainThread
3,MainThread
6,MainThread
9,MainThread
12,MainThread
3,MainThread
6,MainThread
9,MainThread
12,MainThread
3,MainThread
6,MainThread
9,MainThread
12,MainThread
3,MainThread
6,MainThread
9,MainThread
12,MainThread
258,MainThread
505,MainThread
753,MainThread
993,MainThread
258,MainThread
518,MainThread
775,MainThread
1029,MainThread
255,MainThread
504,MainThread
762,MainThread
1000,MainThread
257,MainThread
521,MainThread
782,MainThread
1046,MainThread
252,MainThread
506,MainThread
760,MainThread
1014,MainThread
247,MainThread
506,MainThread
762,MainThread
1020,MainThread
250,MainThread
502,MainThread
754,MainThread
990,MainThread
247,MainThread
498,MainThread
761,MainThread
1010,MainThread
262,MainThread
518,MainThread
771,MainThread
1017,MainThread
255,MainThread
516,MainThread
765,MainThread
1014,MainThread
262,MainThread
517,MainThread
775,MainThread
1026,MainThread
259,MainThread
510,MainThread
763,MainThread
1011,MainThread
259,MainThread
514,MainThread
769,MainThread
1028,MainThread
248,MainThread
498,MainThread
752,MainThread
1011,MainThread
256,MainThread
509,MainThread
762,MainThread
1004,MainThread
251,MainThread
507,MainThread
765,MainThread
1014,MainThread
253,MainThread
495,MainThread
743,MainThread
999,MainThread
253,MainThread
507,MainThread
759,MainThread
1022,MainThread
261,MainThread
515,MainThread
765,MainThread
1034,MainThread
255,MainThread
516,MainThread
773,MainThread
1029,MainThread
